,Time,User,Tweet
0,2022-09-16 12:56:05+00:00,petrogustavo,Este gobierno tiene el compromiso de la protecci√≥n de la selva amaz√≥nica. Hemos recibido tres helic√≥pteros Black Ha‚Ä¶ https://t.co/s030fgRFlW
1,2022-09-16 10:46:37+00:00,bitnomada,"Resultado de la ma√±ana

Bit 11 - 0 Mesitas de noche

Ya van quedando menos muebles que montar ü•≤"
2,2022-09-16 08:17:56+00:00,bitnomada,"¬øTe ha gustado el contenido?

Si me quieres ayudar lo tienes f√°cil!!

- Puedes seguirme en @bitnomada

- Apoya el t‚Ä¶ https://t.co/CJByDVVsL1"
3,2022-09-16 08:15:18+00:00,bitnomada,"4Ô∏è‚É£Curso de Figma desde CERO

Siguiendo con cursos de poca duraci√≥n, con este curso¬† en Youtube, aprender√°s a utili‚Ä¶ https://t.co/5g7U56hbDu"
4,2022-09-16 08:15:18+00:00,bitnomada,"3Ô∏è‚É£ Dise√±a una p√°gina web con Figma

Si buscas menos horas de duraci√≥n y algo m√°s concreto...

Con este curso de me‚Ä¶ https://t.co/csdHJFALr3"
5,2022-09-16 08:15:18+00:00,bitnomada,"2Ô∏è‚É£ Creaci√≥n de prototipos y dise√±os en Figma por Google

¬øQu√© mejor que aprender Figma de la mano de una gran empr‚Ä¶ https://t.co/glETsMAuFZ"
6,2022-09-16 08:15:18+00:00,bitnomada,"1Ô∏è‚É£ Introducci√≥n a FIGMA

Si no sab√≠as qu√© era Figma hasta el d√≠a de ayer... Este curso introductorio al dise√±o de‚Ä¶ https://t.co/Hei6NL96zS"
7,2022-09-16 08:15:17+00:00,bitnomada,"¬øQuieres aprender a usar FIGMA desde CERO y GRATIS?

Ayer el mundo tech explot√≥ con la noticia de la compra de Figm‚Ä¶ https://t.co/UZeCpOAgpd"
8,2022-09-16 07:17:45+00:00,bitnomada,"Con la compra de Figma por la parte de Adobe, uno de los primeros cambios ser√° el de la URL

Fuentes confidenciales‚Ä¶ https://t.co/iu9igiBrRK"
9,2022-09-15 15:37:32+00:00,bitnomada,¬øHay algo m√°s da√±ino para la salud que montar muebles de Ikea sin un atornillador el√©ctrico?
10,2022-09-15 15:28:31+00:00,bitnomada,"RT @alcantara_josue: El 95% de los programadores de JavaScript no saben debugar.

Te comparto un recurso gratuito para que puedas debugar t‚Ä¶"
11,2022-09-15 14:50:20+00:00,bitnomada,"¬øTe has enterado del drama tech de la semana?

Adobe compra FIGMA

¬øQu√© opinas de esto?

¬øEras usuario de Figma?¬øC√≥‚Ä¶ https://t.co/rRwe83h8BU"
12,2022-09-15 12:22:49+00:00,bitnomada,"RT @DanielBlancoSWE: Los MEJORES repositorios relacionados con JavaScript

Al ser uno de los lenguajes m√°s populares, existen millones de r‚Ä¶"
13,2022-09-15 10:53:36+00:00,bitnomada,Motivos por el que no pienso pisar una oficina m√°s üòç https://t.co/Fr9nCXf3pN
14,2022-09-15 08:08:02+00:00,bitnomada,"¬øTe ha gustado el contenido?

Si me quieres ayudar lo tienes f√°cil!!

- Puedes seguirme en @bitnomada

- Apoya el t‚Ä¶ https://t.co/bftwAw6bKV"
15,2022-09-15 08:07:23+00:00,bitnomada,"5Ô∏è‚É£ Wordpress(.)com

Y no pod√≠a faltar Wordpress! La dejamos la √∫ltima porque es la m√°s conocida de todas, un CMS t‚Ä¶ https://t.co/w4bDSl0rIx"
16,2022-09-15 08:07:22+00:00,bitnomada,"4Ô∏è‚É£Carrd(.)co

¬øQuieres crear una landing?¬øUn sitio web sencillo? Carrd es una intuitiva herramienta No Code enfoca‚Ä¶ https://t.co/QuBGhk2c84"
17,2022-09-15 08:07:20+00:00,bitnomada,"3Ô∏è‚É£Shopify(.)com

Hablando de ecommerce.. sin duda es el servicio nocode m√°s utilizado para crear tu tienda online‚Ä¶ https://t.co/0Q6S0cz921"
18,2022-09-15 08:07:18+00:00,bitnomada,"2Ô∏è‚É£Squarespace(.)com

Los servicios de Squarespace son muy variados: gran variedad de plantillas, dise√±o de logos,‚Ä¶ https://t.co/AK3qZW4lJ4"
19,2022-09-15 08:07:17+00:00,bitnomada,"1Ô∏è‚É£WebFlow(.)com

WebFlow es una plataforma con gran popularidad actualmente y un gran potencial

Es una plataforma‚Ä¶ https://t.co/XNx1TEdAFy"
